metric,combined,book1,book2
bigram_TTR,0.4258244325229971,0.46844427778410197,0.4891849091755939
trigram_TTR,0.8101970589372479,0.8374157950421193,0.8500968799682035
